marketId,comp.name,game,team.h.id,draw.id,team.a.id,variable,value,bf,size,dif,xr,xv,back.id
1.144539535,Czech 3 Liga,Lisen - Hlucin,4940255,58805,4142641,d,3.97,4.3,15.41,0.33,1.0831234256927,0.0831234256926951,58805
1.144366373,Norwegian 2 Division,Grorud - Alta,6419263,58805,168738,d,3.63,3.9,14.97,0.27,1.07438016528926,0.0743801652892562,58805
1.144366373,Norwegian 2 Division,Grorud - Alta,6419263,58805,168738,h,2.34,2.5,35,0.16,1.06837606837607,0.0683760683760685,6419263
1.144366373,Norwegian 2 Division,Grorud - Alta,6419263,58805,168738,a,2.54,2.68,31.7,0.14,1.05511811023622,0.0551181102362205,168738
1.144539535,Czech 3 Liga,Lisen - Hlucin,4940255,58805,4142641,h,1.74,1.93,51.81,0.19,1.10919540229885,0.109195402298851,4940255
