marketId,comp.name,game,team.h.id,draw.id,team.a.id,variable,value,bf,size,dif,xr,xv,back.id
1.144366373,Norwegian 2 Division,Grorud - Alta,6419263,58805,168738,d,3.63,3.9,14.97,0.27,1.07438016528926,0.0743801652892562,58805
1.144366373,Norwegian 2 Division,Grorud - Alta,6419263,58805,168738,h,2.34,2.5,35,0.16,1.06837606837607,0.0683760683760685,6419263
1.144366373,Norwegian 2 Division,Grorud - Alta,6419263,58805,168738,a,2.54,2.68,31.7,0.14,1.05511811023622,0.0551181102362205,168738
1.144547047,Campeonato Primavera,Fiorentina U19 - Inter U19,6612360,58805,2503323,h,2.87,3,10.95,0.13,1.04529616724739,0.0452961672473867,6612360
1.144547047,Campeonato Primavera,Fiorentina U19 - Inter U19,6612360,58805,2503323,a,2.16,2.28,10.41,0.12,1.05555555555556,0.0527777777777776,2503323
