marketId,comp.name,game,team.h.id,draw.id,team.a.id,variable,value,bf,size,dif,xr,xv,back.id,status
1.144539535,Czech 3 Liga,Lisen - Hlucin,4940255,58805,4142641,d,3.97,4.3,15.41,0.33,1.0831234256927,0.0831234256926951,58805,WINNER
1.144539535,Czech 3 Liga,Lisen - Hlucin,4940255,58805,4142641,h,1.74,1.93,51.81,0.19,1.10919540229885,0.109195402298851,4940255,LOSER
